"(mafuyu \(chibi21\)),((rurudo,gusha s,hiro \(dismaless\),wlop,yoneyama mai,mikami mika)),[[murata range]],"
"naga u,[tyakomes],henreader,baku-p"
"(fagun yibei),berryverrine,saaal653,mihifu,reddizen,tabi \(tabisumika\),naga u,no lineart,"
"unfinished,naga u, nekotoufu, ilya kuvshinov,"
"morino hon,nuu \(nu-nyu\),(harada takehito),"
"((((chibi)))),1 girl,(amaichi esora),zhibuji loom,[WANKE],[ciloranko],[amashiro.natsuki], (rubi-sama))((asanagi)),[[toraishi 666]] [[mvv]] (zuizi),(taitai,chen bin),[sho \(sho lwlw\),chibi,"
"luicent, [ningen mame], sumiyao \(amam\), astg,"
"[[torino]],(as109),[[asanagi]],(torino auqa),saku usako \(rabbit\),[mochizuki kei],(asanagi),"
"kanzakietc, (aono \(f i s\)),sasa onigiri,(na tarapisu153),"
"gochisousama \(tanin050\),[[[[[tsukareta san]]]]],[[[[[[[[[[cutesexyrobutts]]]]]]]]]],"
"(((takemori shintarou,harada takehito,cool-kyou shinja))),kojima takeshi,(taketora suzume),[[takeuchi takashi,lambda \(kusowarota\)]],[[[cle masahiro]]],"
"[[piyodera mucha]],yamamomo \(plank\),henreader,eufoniuz,"
"(eufoniuz),(ogipote),(sy4),[[[sumiyao \(amam\)]]],"
"(henreader),yapo \(croquis side\),satou kuuki,[[asanagi]],[[[[sugoihi]]],[shiokonbu],"
"blue-senpai,[[[[[tsukareta san]]]]],[[[[[[[[[aikome \(haikome\)]]]]]]]]],"
"[kurumi \(recycllamo\)],mika pikazo,kazutake hazano,[kedama milk],[ask \(askzy\)],wanke,fujiyama,"
"(yd,satou kuuki),kedama milk,[[[sho \(sho lwlw\)],ke-ta]],"
"[kedama milk],ciloranko,ke-ta,Hiten,[ask\(askzy],[nekoda],[As109]"
"[kedama milk],momoco,ke-ta,chen bin,mignon,nekoda,[As109],Happoubi jin,"
"[kedama milk],modare,(chen bin),happobi jin,"
"((healthyman,modare,atte7kusa,zurikishi)), "
"[modare],ciloranko,[ryota \(ry o ta\)]],kedama milk,[[nekoda \(maoda\)]],wlop,"
"modare,ask \(askzy\),(Morikura En), (hiten),Rella,banishment,"
"kylin, luicent, duoyuanjun, liduke, wagashi \(dagashiya\), healthyman, shimada fumikane, astg, himura kiseki, ame \(uten cancel\), mikozin, ask \(askzy\), yonchan, modare,"
"(Endou Okito),[as109],[ciloranko],[oyariashito],[[cutesexyrobutts]],"
"((pottsness)),[[onineko]][[as109]],"
"[[tachikawa mushimaro]],kyokko,[[[as109]]],[[[Asanagi]]],kedama milk,[[[[ke-ta]]]]"
"[kedama milk],momoco,ke-ta,40hara,[As109],Torino,ask\(askzy\),ciloranko,[sho \(sho lwlw\)],wlop,[Rella],[omone hokoma agm],"
"40hara,pottsness,[[onineko]],[[as109]],[[[kedama milk]]],"
"(amazuyu tatsuki,shiro9jira),mignon,[[as109]],ciloranko,ask \(askzy\),novelace,"
"((shigure ui,tira 27)),"
"(fuzichoco),[[ningen mame]],ciloranko, yd,noyu \(noyu23386566\) "
"[ATDAN],[void 0],[[[[[ogata tei]]]]],"
"((ATDAN)),[[hong bai],bigxixi,[allenes]],ask \(askzy\),[chen bin],"
"ATDAN,[ningen mame],ask \(askzy\),[hiten \(hitenkei\)],[[sy4]],[[alpha \(alpha91\)]],[[houraku]],[[[fuzichoco]]],[[sencha \(senchat\)]],[[[rei \(sanbonzakura\)]]],[[chen bin]],[wlop],[houkisei],"
"((ikeuchi tanuma)),(((((mignon,ATDAN))))),(((((anmi))))),((ogipote)),((sy4)),(hiten \(hitenkei\)),yuno385,[[[[momoko \(momopoco\)]]]],[[[ke-ta]]],"
"Rella,ATDAN,omone hokoma agm,"
"ATDAN,[fuzichoco],mocha \(cotton\),[wlop],[hiten \(hitenkei\)],[ask \(askzy\)],arsenixc,"
"[airtist:atdan],[yoneyama mai],"
"((toddler)),henreader,ciloranko,[sho \(sho lwlw\)],[[tianliang duohe fangdongye]],"
"[kedama milk],mika pikazo,(reoen,tianliang duohe fangdongye),[ask \(aakzy\)],[As109],"
"yushe quetzalli,ciloranko,"
"(((yoneyama mai))),(artist ciloranko),zhibuji loom,[[[fuzichoco]]],((rella,konya karasue)),(hagimorijia),wlop,"
"(toosaka asagi), asou \(asabu202\), fuzichoco, ogipote, [[piyodera mucha]], yamamomo \(plank\), "
"say hana,[[lam \(ramdayo\)]],[mochizuki kei],[[cierra \(ra-bit\)]],"
"say hana,(sarasadou dan),[[lam \(ramdayo\)]],[mochizuki kei],[[cierra \(ra-bit\)]],"
"(shiina kuro),(ningen mame),"
"((xilmo)),  void 0,ciloranko,rei \(sanbonzakura\),[[[fkey,shion \(mirudakemann\)]]], "
"(john kafka),(yueko \(jiayue wu\)),"
"dungeon meshi,rurudo,miyuki \(miyuki0529\),konbu wakame,xilmo,wlop,"
"[kurumi \(recycllamo\)],[mika pikazo],[ciloranko],kazutake hazano,[kedama milk],[hagi \(ame hagi\)],[ask \(askzy\)],wanke,fujiyama"
"((hitomaru)),[menyoujan,chen bin],[[tsubasa tsubasa]],[[[kedama milk,redrop]]],[[[[[aki99]]]]]"
"(alphonse \(white datura\)),miv4t,[[tianliang duohe fangdongye]],"
"alp, (dino \(dinoartforame\), ciloranko), [[[[kuroduki \(pieat\)]]]], [[ask \(askzy\)]], maeda hiroyuki,"
"binggong asylum,murata yuusuke,onineko,[As109],[[QYS3]],"
"((binggong asylum)),meion, liduke,chen bin,dishwasher1910,"
"[[[[binggong asylum]]]],[[onineko]],"
"((yutoka mizu)),[[suimya]],[[[noco]]],[[[[[[miwano rag]]]]]],"
"rhasta,onineko,potg\(piotegu\),yuuhagi \(amaretto-no-natsu\),bow \(bhp\),doujinshi doujin,"
"tokkyu,chen bin,ask\(askzy\),tidsean,kasumi \(skchkko\),hiten \(hitenkei\),mika pikazo,"
"ogipote,nikorashi-ka,katahira masashi,murakami suigun,touzai\(poppin phl95\),"
"(rolua),[waka\(wk4444\)],[ciloranko],[kedama milk],wanke,mikaze oto,"
"[tachikawa mushimaro], [[hisakata souji]],[[[[ke-ta]]]],"
"achiki,au \(d elete\),[hito komoru,tianliang duohe fangdongye],(toosaka asagi),"
"miv4t, [[[quasarcake]]],fajyobore ,[[[[[skyrick9413]]]]],[[ask \(askzy\)]],"
"(mochizuki kei),wlop,mikozin,enkyo yuuichirou,tianliang duohe fangdongye,"
"(zunta),ohisashiburi,[[ishikei]],"
"(asakuraf),komota \(kanyou shoujo\) ,konya karasue,(ciloranko,alphonse \(white datura\)),shion \(mirudakemann\),"
"tabi \(tabisumika\), yuumei,rella,,konya karasue,"
"(toosaka asagi),achiki,(rin yuu),"
"((mashiro shiki)),[[gusha s,wanke,yoneyama mai,silvertsuki,hiro \(dismaless\)]],"
"((kawakami masaki,koh rd)),"
"((k-suwabe,OKAZU)),[[hiten]],WANKE,[ciloranko],"
"shion \(mirudakemann\),[hews,sho \(sho lwlw\),ciloranko,alphonse \(white datura\)],"
"(iuui,ajishio,marushin),"
"((nardack,(liduke))),ask \(askzy\),"
"chyoel,solar,[kuzuvine],[[dino \(dinoartforame\)]],[[[ciloranko]]],"
"tsukareta san,norza,[[takatsuki ichi]],"
"((mignon),(fuzichoco),yd \(orange maru\),noyu \(noyu23386566\)),[[ningen mame]],ciloranko,"
"bbolalus,miyuki \(miyuki0529\),[[[kedama milk]]],rin31153336,"
"[eip pepai,[nekojira,[[rucaco, wlop, ciloranko, [[toosaka asagi]]]]]], "
"((miyase mahiro)),[ke-ta],jyt,himitsu \(hi mi tsu 2\),hiten,"
"(((yumenouchi chiharu))),mochizuki kei,[[[[[[rei \(sanbonzakura\)]]]]],"
"7010,[reoen],[yoru nai],((do m kaeru)),[[hizuki yayoi]],[[azuuru]],(maccha \(mochancc\)),(nikaidou kou),"
"((kannko bokujou)),[suminagashi],(cierra \(ra-bit\)),xinzoruo,[[mokufuu]],koruri,(saru),[zuizi],"
"((djheycha)),(piromizu),[romi \(346 ura\)],((yuuhagi \(amaretto-no-natsu\))),[minaba hideo],((rin yuu)),[[mazjojo]],icomochi,"
"(observerz),modare,mikaze oto,[kedama milk],[ask \(askzy\)],ciloranko,ponzu\(catponz\),"
"((xssh)),(observerz),[kedama milk],[ask \(askzy\)],(mikaze oto),[ciloranko],[ponzu\(catponz\)],1girl,"
"((si10ra)),[[gusha s,wanke,yoneyama mai,wlop,silvertsuki,hiro \(dismaless\)]],1girl"
"((hitomaru)),[menyoujan,chen bin],[[tsubasa tsubasa]],[[[kedama milk,redrop,aki99]]], 1girl"
"((mountain han)),[[kahlua]],mochizuki kei,[gin00],1girl"
"ciloranko, [[[[ame \(uten cancel\)]]]], [[[[muloli \(artist\)]]]],  ,1girl,"
"oyari ashito, higeneko, goma satoshi, potetos7, azure \(capriccio\),1girl"
"(konya karasue),modare Rella, banishment, (stu dts),(miv4t), (suzumi \(ccroquette\)), (rei \(sanbonzakura\)),(torino aqua), 1girl"
"(Morikura En), Rella,[nanaken nana],u u zan, banishment, stu dts),[miv4t],[[wlop]] ((suzumi \(ccroquette\))),([rei \(sanbonzakura\)]),([torino aqua]),close-up,1girl"
"((gusha s,kyokucho)),(kedama milk,amashiro natsuki),AS109,1girl,"
"((((hiro \(dismaless\),kotobuki utage)))),hitomaru,[[Kyokucho,murata range]], 1girl,close-up"
"[[[[[shpo]]]]],[[[[[[[[[[cutesexyrobutts]]]]]]]]]],1girl"
"[[akakura]], [umishima senbon], ((kamitoge supino)), [[gsusart]], joman, kitaku \(nakamachi machi\), [shugao], (mandrill), 1girl "
"[[kantoku]], [[parsley-f]], [yd \(orange maru\)], (u u zan), komeshiro kasu, [[maett]], (dsmile), fuya \(tempupupu\),  1girl"
"[[mo \(kireinamo\)]], ((maki keigo)), [ningen mame], [maeshima shigeki], (ssambatea), (ebimomo), [[miyoshi yoshimi]], [[azuuru]],  1girl"
"[[shuri \(84k\)]], [[necomi]], ((natsuki teru)), kawacy, [risui \(suzu rks\)], [nakano maru], [dede \(qwea 00000\)], [takitarou], 1girl"
"[[shuuko \(s h uuko\)]], ((mura karuki)), ((shacho \(ko no ha\))), ((ocha \(popopogg\))), (cutesexyrobutts), [anmi], (kaorihero), [echj], 1girl"
"[[signalviolet]], (qi7pi), (baocaizi), [[6 \(yuchae\)]], (tobimura), misha \(ohds101\), (op na yarou), (momose \(oqo\)),  1girl"
"[ashima takumi ], [[ciloranko]], [[wlop]],(misekai 555), (cierra \(ra-bit\)),  1girl"
"[kita senri], ((terrajin)), [[13 \(spice!!\)]], [[tokiwa midori \(kyokutou funamushi\)]], [[phantom ix row]], [tama \(tama-s\)], tenobe, [[203wolves]], 1girl"
"[matanonki], topia, poprication, ((barbarian tk)), (nagishiro mito), [liduke], toosaka asagi, (kazepana), 1girl"
"[nadegata], [k00s], (namie), [k00s], [[terupancake]], shimhaq, [[tsunako]], [rosuuri],  1girl"
"[naruse hirofumi], ((houkisei)), [[shikimi \(yurakuru\)]], ((nekojira)), [sheya], [quan \(kurisu tina\)], [[nyum]], ((rkrk)), 1girl"
"nekojira,pigeon666,ohisashiburi,[agoto,ask\(askzy\)],"
"[popqn], [[hisona \(suaritesumi\)]], syhan, ribiadan, [kitaku \(nakamachi machi\)], [[morino hon]], (10mo), (coyucom), 1girl"
"[shouu-kun], qosic, [[gearous]], piripun, ((colis)), (ponytail korosuke), [[naruse hirofumi]], ((hxxg)), 1girl"
"((deadnooodles)), ((atdan)), [hua hua de meme], [re ghotion], [mamuru], hori \(hori no su\), [[kuzuvine]], (sho \(sho lwlw\)), 1girl"
"((ebimomo)), [wata \(attaka towel\)], [[shnva]], [[deadnooodles]], ((saitou naoki)), koi \(koisan\), idkuroi, (ran'ou \(tamago no kimi\)), 1girl"
"((haru \(hiyori-kohal\))), [[tachibana roku]], [midori foo], (taesi), [[ayu \(mog\)]], milkychu, (ran'ou \(tamago no kimi\)), [djheycha], 1girl"
"((ikeuchi tanuma)),mamimi(mamamimi),,1girl"
"((inudori)), gya \(144\), ((wanke)), [[clear glass \(mildmild1311\)]], ookuma nekosuke, [[gakky]], [[hajika]], [[deyui]], 1girl"
"((kisaragi yuu \(fallen sky\))), (ittokyu), ((ucmm)), (asatsuki \(fgfff\)), [[hanekoto]], ((demizu posuka)), [[sasairebun]], [sofra], 1girl"
"((mappaninatta)),[waterkuma],((akizero1510)),(kawacy),kujou karasuma,(ru zhai),[tetsurou \(fe+\)],nardack,"
"((miv4t)), (shnva), ro g \(oowack\), [[sogawa]], [[ainy]], ((azuumori)), [yamakawa], ((myabit)),1girl"
"((miyuki ruria)), [[ayu \(mog\)]], [gomzi], (hisakata souji), [nonco], (onono imoko), (m k), ((kawacy)), 1girl"
"((rui \(sugar3\))), [criis-chan], [aochoku], (mamimu \(ko cha 22\)), [[kouji \(campus life\)]], shirokitsune, kemachiku, [hagoonha],  1girl"
" 1girl,(echj), [[haru \(nakajou-28\)]], ((shion \(mirudakemann\) )), [[shanyao jiang tororo]], [murata range], [[luke \(dydansgur\)]], suisogenshi, ((namori)), "
"(fagi \(kakikaki\),shimatani azu,minaba hideo),[yoshida akihiko], ((ciloranko)),,[[[pigeon666]]],kawacy,((maeka \(kumaekake\))), nardack,1girl"
"(fagi \(kakikaki\),shimatani azu,minaba hideo),[yoshida akihiko], [dadijiji\) ],[[[pigeon666]]],kawacy,((maeka \(kumaekake\))), nardack,1girl"
"(fagi \(kakikaki\),shimatani azu,minaba hideo),[yoshida akihiko], ((yamakawa),,,kawacy,((maeka \(kumaekake\))), nardack,1girl"
"(fagi \(kakikaki\),shimatani azu,minaba hideo),[yoshida akihiko], [sheya],kawacy,((maeka \(kumaekake\))), nardack,1girl"
"(henreader), reitou mikan, [yuuka nonoko], appleq, [tsukinami kousuke], (tomozero), ((menma \(enaic31\))), [[migolu]], 1girl"
"(hoojiro), [[turisasu]], [[momiji mao]], [fagi \(kakikaki\)], [[aak]], [yukie \(kusaka shi\)], mamyouda, ((miu \(miuuu 721\))),  1girl "
"(lamb-oic029), ((kedama milk)), [rariatto \(ganguri\)], ((mochizuki kei)), [norza], keenh, 1girl"
"(mamimi \(mamamimi\)), huwari \(dnwls3010\), [[m k]], (mozukuzu \(manukedori\)), (asazuki norito), [rune \(dualhart\)], [[hyde \(tabakko\)]], ((kamitoge supino)), 1girl"
"(miyase mahiro), [mendou kusai], ((mamuru)), [[hxxg]], reoen, ((nikorashi-ka)), [[omone hokoma agm]], ((ett)), 1girl "
"(niichi \(komorebi-palette\)), (shichigatsu), akadako, [[swordsouls]], (sagami jon), (demizu posuka), (sofra), [[sui \(suizilla\)]],  1girl"
"cogecha, ((ciloranko)), [[[Rella]]], [[ask \(askzy\)]], mignon, [popqn],  kawacy,  minaba hideo, fuya \(tempupupu\), dishwasher1910, ,1girl"
"cogecha, ((ciloranko)), [[[Rella]]], [[ask \(askzy\)]], mignon,  kawacy,[pigeon666],1girl"
"dev \(dev0614\), [onono imoko], [sasairebun], ((waterkuma)), migolu, [murata yuusuke], ((yoon cook)), ((nanoless)), 1girl "
"kz oji, daizu \(melon-lemon\), (teshima nari), (yukataro), honlo, [zuo daoxing], (icomochi), [[yana mori]], 1girl"
"massakasama, donguri suzume, naga u, shashaki, donguri suzume, ergot, fkey, ohisashiburi,  1girl"
"nekoya \(liu\), (ask \(askzy\)), [6 \(yuchae\)], (nekoume), [[kawacy]], (yajuu), ((rune \(dualhart\))), [starshadowmagician],  1girl"
"saiguchi otoufu, [refeia], (whoosaku), [nadegata], (hito komoru), [[anmi]], [[reddizen]], ((necomi)), 1girl "
"sigm@, [[katsuobushi \(eba games\)]], (amezawa koma), [uenomigi], (qosic), ((kim eb)), (e.o.), (ini \(inunabe00\)),  1girl"
"tunamayo \(dsasd751\), [[cocozasa]], mr.lime, [ido \(teketeke\)], ((jyt)), [[toosaka asagi]], ((mochizuki shiina)), (kame \(kamepan44231\)), 1girl"
"yunamaro, fuzichoco, nekotoufu, rinotuna, rariatto \(ganguri\), xinzoruo, hekiga \(freelot\), fuya \(tempupupu\), 1girl"
"kokaki mumose,tianliang duohe fangdongye,risui \(suzu rks\),mochirong,sora 72-iro,1girl"
"kokaki mumose,tianliang duohe fangdongye,risui \(suzu rks\),mochirong,sora 72-iro,jill 07km,houkisei,1girl "
"[[tianliang duohe fangdongye]],((mikozin)),(((daizu))),[[[kani-biimu]]],[[matanukinuki]],[kanikama],,1girl,"
"[qys3],[sincos],Mika,[As109],,1girl"
"[yoneyama mai],hxxg,1girl"
"[modare],(kouyafu),gawako,ciloranko,ogipote,1girl,"
"[yumenouchi chiharu],sakura \(39ra\),(naga u,tyakomes),henreader,baku-p,daizu \(melon-lemon\),1girl"
"(((((healthyman)))))::((((iuui)))),((atte nanakusa)),(((wagashi \(dagashiya\)))),((quasarcake)),(((loliconder))),(((((tianliang duohe fangdongye)))))::((((meinoss)))),((onono imoko)),1girl"
"((minaba hideo)),[watao],1girl"
"((miyuki \(miyuki0529\))),(((nekonyan))),1girl,"
"((miyuki \(miyuki0529\))),(((x))),(band-width),[[e10]],1girl"
"((miyuki \(miyuki0529\))),((tooo)),,1girl"
"((tamanoi peromekuri)),[color scheme:onono imoko],,1girl"
"1girl,((ciloranko,rella)),mx2j,((((ask \(askzy\))))),kobuichi,(atdan),(((torino aqua))),tinker bell,ningen mame,[[[kedama milk]]],(necomi),anmi,wanke,wasabi \(sekai\),ru zhai,fujiyama,dsmile,narduck,hiten \(hitenkei\),modare],[[fuzichoco]],[[[[mignon,kimishima ao]]]],"
"((Ishike)),[Mizumizuni],[[kankan33333]],kedama milk,(muk monsieur),(onono imoko,fkey],,1girl"
"((suitenan,miraa \(chikurin\))),isshi pyuma,s16xue,kase daiki,meion,,1girl"
"gomzi,hiten,na tarapisu153,1girl"
"(simao \(x x36131422\)),sorairo len,toshizou \(0714\),icomochi,1girl"
"(toshizou \(0714\)),[[jyt]],[[misaka 12003-gou]],1girl"
"(hitomaru),[sy4,dango \(uni 520\)],[[nagishiro mito]],[[[[Ishikei]]]],1girl"
"(hitomaru),[sy4,dango \(uni 520\)],,1girl,"
"1girl,(Kyokucho),((hiro \(dismaless\),yoneyama mai,tianliang duohe fangdongye)),hitomaru,[onono imoko],"
"(remsrar),[[cogecha]],[lineart],[[[meyoco]]],1girl"
"yuzuna99,(yokochou),[alp,bai lao shu],[[kedama milk,tianliang duohe fangdongye]],,1girl"
"nopossumachine,[amonitto],1girl"
"[[namie]],aspara,((tabi \(tabisumika\))),[[[[ao+beni]]]],ayul \(ayulneri 92\),(norizc),,[yokochou],(((rin31153336))),(((migolu))),sho (sho lwlw),"
"falin thorden,dungeon meshi,rurudo,miyuki \(miyuki0529\),konbu wakame,xilmo,wlop,,1girl,"
"ask\(askzy\), ciloranko, cui \(jidanhaidaitang\), kuzuvine, miv4t, nixeu,"
"[[as109,wlop]],WANKE,[ciloranko],[[hiten]],K-SUWABE,((WANKE)),((mamimi)), \(dnd,fantasy,medieval\),OKAZU,(1girl),solo, cowboy shot,official alternate costume, offcial art"
"[[as109]],[onineko],[[[ke-ta]]], [[alpha \(alpha91\)]],"
"[kedama milk],[ask \(askzy\)],wanke, [ATDAN],ciloranko,[[rhasta]],[tidsean],[ke-ta],((chiaroscuro)),[as109]],[sho \(sho lwlw\)]],,wlop,"
"(((happoubi jin))),((gawako,yoneyama mai)),[[sawkm,chen bin,as109,kase daiki,hitomaru]],"
"ru zhai,da mao banlangen,omone hokoma agm,"
"[ciloranko],kazutake hazano,[kedama milk],[ask \(askzy\)],"
"[[ATDAN]], [[zhibuji loom]], [mignon], [[[ask]]], [ciloranko],"
"((choco \(chocolate shop\))),fuzichoco,minaba hideo,"
"((Fuumi)), ((Tama)), ((Shirabi)), (((Sayori))), (Ichihi),"
"[agm], [as109],"
"[agm],[miv4t],"
"(shoshika8888888),(icomochi),[da mao banlangen],kurarome,"
"[[as109]],[onineko],[[[ke-ta]]],[[alpha \(alpha91\)]],"
"[[shanyao jiang tororo]],[[haneru]],[[himitsu \(hi mi tsu 2\)]],[[onineko]], [[as109]],"
"[[(onineko),chen bin]],"
"asakai mocchinu,monikano,hakaba \(dairiseki\),"
"[[rei\(sanbonzakura\),mika pikazo]],shion\(mirudakemann\),[[cogecha]],ryou\(ryoutarou\),"
"[[cogecha]],ryou\(ryoutarou\),"
"[[yoneyama mai]],[[cutesexyrobutts]],[[[[ke-ta]]]],"
"((zuizi)),taitai,chen bin),[tianliang duohe fangdongye],"
"(shironekoban),(hidulume),meunhongcha,"
"jonylaser,kazuhiro \(tiramisu\),"
"((shengtian,nopetroto)),"
"[onineko],[ke-ta],[[shanyao jiang tororo]],"
"((icomochi)),(namiorii),"
"(icomochi),[darklux],"
"((blue archive official art )),[[[jyt]]],((rotroto)),"
"[jyt],,namagome negi,hayana neru,"
"hayana neru,shimejinameko,"
"lam \(ramdayo\),mika pikazo,freng,"
"[Quetzalli],[miv4t],"
"cierra \(ra-bit\),artistask \(askzy\),gomzi,you shimizu,demizu posuka,asakuraf,"
"[yushe quetzalli],[onineko],[ciloranko],[neco],"
"(qys3),hiten,[ciloranko],[[wlop]],"
"[neco],[onineko],[hiten],"
"[hiten],[mignon],[riri],[weri],[rurudo],"
"sciamano240, (pukara),noah \(tettsui-sole\),(binggong asylum),"
"((ke-ta),(onono imoko),OlchaS,ask \(askzy\)),"
"(hiten \(hitenkei\)),ciloranko,[[liduke]],[[wlop]],toosaka asagi,ke-ta,[[ask \(askzy\)]],torino,(chen bin),"
"kidmo,((agoto)),"
"[melon22],(((kincora))),yoneyama mai,[alchemaniac],((batako,38)),kunaboto,elun \(meido\),"
"[yoneyama mai],[mika pikazo],[[ciloranko]],[sho \(sho lwlw\)],"
"(minaba hideo),ningen mame,[tianliang duohe fangdongye],rokita,[[bee \(deadflow\)]],mignon,"
"(rei \(sanbonzakura\),ciloranko, akizero1510),[as109],lam \(ramdayo\),ningen mame,[ask\(askzy\)],puuzaki puuna,[maccha \(mochancc\)],[wlop],[henreader],"
"[akizero1510],kakure eria,rei \(sanbonzakura\),mochi \(circle rin\),karasu raven,"
"ningen mame,[kedama milk],[sho \(sho lwlw\)],[ask \(askzy\)],wanke,[[tianliang duohe fangdongye]],[wlop],kousaki ruri,"
"(kousaki ruri),ningen mame, fumio \(rsqkr\),[sho \(sho lwlw\)],[ask \(askzy\)],wanke,[[tianliang duohe fangdongye]],[wlop],"
"[kedama milk],[ask \(askzy\)],wanke,[wlop],(artist atdan),kousaki ruri,(artist haneru),(artist torino aqua),"
"[kedama milk],mika pikazo,ciloranko,akizero1510,kukka,ask\(askzy\),wlop,[omone hokoma agm],"
"[ningen mame],mochizuki kei,kedama milk,namie,huanxiang heitu,liduke,"
"sheya,ask\(askzy\),hoji\(hooooooooji1029\),"
"[ningen mame],chen bin,omone hokoma agm,kinhasu,rella,konya karasue,fuzichoco,[[[tianliang duohe fangdongye]]],wlop,"
"ru zhai,[ningen mame],chen bin,kinhasu,rella,konya karasue,fuzichoco,[[[tianliang duohe fangdongye]]],"
"(kousaki ruri),[kedama milk],[ask \(askzy\)],wanke,[ATDAN],ciloranko,[[rhasta]],[tidsean],[ke-ta],[as109]],[sho \(sho lwlw\)]],wlop,"
"ru zhai,(kousaki ruri),ningen mame, [[momoko\(momopoco\)]],(creayus), kawacy,[[wlop]],"
"phantom ix row,akakura,beni shake,ningen mame,[[[tianliang duohe fangdongye]]],chen bin,sy4,"
"enkyo yuuichirou,infukun,toosaka asagi,kinhasu,[[fuzichoco]],kedama milk,[[wlop]],"
"refeia,toi8,yuuji \(and\),[[As109]],ask\(askzy\),ciloranko,"
"onineko,[ikeuchi tanuma],ningen mame,[[As109]],ask\(askzy\),ciloranko,"
"ningen mame,[ciloranko],[[binggong asylum]],asakuraf,[[shexyo]],[wlop],"
"(kousaki ruri),ningen mame,[enkyo yuuichirou],[phantom ix row],ask\(askzy\),[tianliang duohe fangdongye],"
"phantom ix row,wanke,akakura,[wlop],ciloranko,"
"Jonpei,[sho \(sho lwlw\)],"
"[ciloranko],(((minaba hideo))),(demizu posuka),(shion\(mirudakemann\)),(yoshida akihiko),(ask \(askzy\)),"
"kaamin \(mariarose753\),milk panda,"
"chen bin,icecake,[qizhu],[onineko],[anmi],kedama milk,(wlop),tianliang duohe fangdongye,ke-ta,rei \(sanbonzakura\),"
"((quasarcake)),(((ciloranko))),"
"(((wlop))),(quasarcake),(ningen mame),(osakana \(osakanagazoubot\)),"
" (((wang xi))), reeh \(yukuri130\),(( wanke)),(( kinta \(distortion\))),((rei \(sanbonzakura\))),[ask \(askzy\)],[[modare]],"
"Kidmo, reoen,"
"zhibuji loom,((rei \(sanbonzakura\))),(( kinta \(distortion\))),(((wang xi))),"
"[kedama milk],[ask \(askzy\)],wanke, wlop,[ATDAN],ciloranko,[[rhasta]],[tidsean],[ke-ta],((chiaroscuro)),[as109]],[sho \(sho lwlw\)],"
"[ningen mame], [[ciloranko]], [[binggong asylum]], [[omone hokoma agm]], [[[misaki12003]]], [sho \(sho lwlw\)], [[ask \(askzy\)]], [[tianliang duohe fangdongye]], [[rhasta]],"
"hougu souji,yonchan,kitada mo,[ask\(askzy\)],[sy4],"
"kitada mo,umezawa itte,wenquangua,ask\(askzy\),dokuro deluxe,"
"anmi,shanyao jiang tororo,csyday,[ask\(askzy\)],[[rei \(sanbonzakura\)]],"
"mimoza \(96mimo414\),rei \(sanbonzakura\),mochi \(circle rin\),[rhasta,yonchan,watao],[minaba hideo],"
"bacius,fishine,nonco,zhibuji loom,ask\(askzy\),ireading,karasu raven,"
"shirable shiki,bacius,sy4,fishine,pigeon666,nonco,zhibuji loom,ask\(askzy\),ireading,karasu raven,"
"maiqo,ask\(askzy\),beijuu,simao \(x x36131422\),yoneyama mai,jacknife,"
"bukurote,you guo chaocai,yumenouchi chiharu,"
"douya \(233\),akizero1510,[lam \(ramdayo\)],fishine,[ask\(askzy\)],puuzaki puuna,karasu raven,[maccha \(mochancc\)],[henreader],"
"fenrir \(fenriluuu\),ask\(askzy\),[beijuu],tianliang duohe fangdongye,simao \(x x36131422\),[yoneyama mai],kedama milk,"
"minaba hideo,rei \(sanbonzakura\),mika pikazo,[alchemaniac],[[yoneyama mai]],"
"timbougami,gorgeous mushroom,kawacy,songjikyo,"
"akizero1510,ireading,[alchemaniac],[[[wlop]]],[yaegashi nan],aka kan,"
"dm \(dai miao\),songjikyo,[[shisantian]],yamakawa,[kedama milk],ttosom,"
"rororogi mogera,[KuroBlood,bukurote],timbougami,[[tianliang duohe fangdongye]],[ideolo],"
"nababa,[KuroBlood,sencha \(senchat\)],timbougami,[[maccha \(mochancc\)]],[alchemaniac],"
"((butterchalk,pumpkinspicelatte,modare,bee \(deadflow\))),"
"ruton-niki,[yoneyama mai],hxxg,"
"((deyui,mikozin)),[jyt],40hara,[[gusha s]],((chen bin)),"
"kaede \(sayappa\),[[wlop]],[[[kase daiki]]],jima,[sheya],[[ciloranko]],[[[toosaka asagi]]],[[[tianliang duohe fangdongye]]],henreader,"
"akino ell,[memekko],[paraffin],mankai kaika,(miwabe sakura),[miyase mahiro],[[ebihara beniko]],"
"[tidsean],gomzi ,fajyobore,[wlop, reoen],[[tianliang duohe fangdongye]],[[rhasta]],"
"[ningen mame],ciloranko,[sho \(sho lwlw\)],[[as109]], wlop,"
"[[wlop]],WANKE,[ciloranko],"
"(amazuyu tatsuki,shiro9jira),ciloranko,ask \(askzy\),novelace,(wlop, reoen),(alphonse \(white datura\)),miv4t,[[tianliang duohe fangdongye]],"
"[kedama milk],mika pikazo,(wlop, reoen),happoubi jin,[[As109]],"
"[kedama milk],(wlop, reoen),[[As109]],"
"[kedama milk],mika pikazo,(wlop, reoen),"
"[kedama milk],mika pikazo,(wlop, reoen),happobi jin,[[As109]],"
"wlop,aki99,[[((mochizuki kei)), [[[as109]]], ((asakuraf)),shion\(mirudakemann\)]],"
"hyperrealistic,ask \(askzy\),[[[wlop]]],"
"((((hyperrealistic)))),asciamano240,[[[wlop]]],"
"(((gomzi))),[[[[wlop]]]],1girl, "
"wlop,[[dino \(dinoartforame\)]],[[[as109]]],ciloranko,1girl"
"agm,houkisei,wlop,"
"[ZED],[wlop],[AGM],[onineko],"
"((carbon12th)),(ayagi daifuku),(alphonse \(white datura\)),wlop,"
"(ribiadan),[ciloranko],mikaze oto,[wlop],"
"[wlop],ciloranko, [[usashiro mani]], [[[[as109]]]],"
"[[((mochizuki kei)),[[[as109,wlop]]],((asakuraf)),shion\(mirudakemann\)]],"
"[kedama milk],[mika pikazo],[wlop],ke-ta,[As109],phtharticpaul,"
"(wlop, reoen),[kedama milk], momoco, ke-ta, 40hara, [As109], Torino,ask\(askzy\),ciloranko,[sho \(sho lwlw\)],wlop,[Rella],[omone hokoma agm],"
"[kedama milk],[wlop],ke-ta,[ciloranko], [As109],"
"ask\(askzy\),[[wlop],ciloranko],As109,"
"[40hara,kedama milk],mika pikazo,(wlop, reoen),happoubi jin,"
"[ningenmame],ciloranko,[[[wlop]]],[[rhasta]],[As109]"
"[wlop],[[as109]],Ito Junji,"
"[[as109, wlop]], WANKE,ke-ta,akakura,Mika, [ciloranko], [[hiten]],"
"(atsuage \(kakinop\)),mika pikazo,(wlop, reoen,tianliang duohe fangdongye),[ask \(askzy\)],[kantoku],"
"mikaze oto,[kedama milk],[ask \(askzy\)],wanke,wlop,"
"(96),[tsujii ruki,sukja,takejun,kawacy,piromizu,rinotuna,zantyarz],wlop,"
"chen bin,wlop,[kedama milk],momoco,ke-ta,40hara,[As109],Torino,ask\(askzy\),ciloranko,[sho \(sho lwlw\)],[Rella],[omone hokoma agm],"
"(( yoneyama mai)), ( ciloranko), [dino \(dinoartforame\)], (saitou natsuki), ayul \(ayulneri 92\), [wlop], fujiyama, "
"wan ke,[ciloranko],[hiten],[[modare]],[[wlop]],"
"[[wlop]],WANKE,[ciloranko],[hiten],"
"[mika pikazo],[ciloranko],kazutake hazano,[kedama milk],[ask \(askzy\)],wanke,wlop,fujiyama,"
"[ciloranko],kazutake hazano, kedama milk,[ask \(askzy\)], wanke, wlop, fujiyama, artisit:yuyu \(yuyuworks\),hiten \(hitenkei\),atrisit:dishwasher1910,"
"kazutake hazano,[ciloranko],[kedama milk],[ask \(askzy\)],wanke,wlop,fujiyama,"
"[kedama milk],mika pikazo,(wlop,reoen,tianliang duohe fangdongye),[ask \(askzy\)],[[As109]],"
"[kedama milk],mika pikazo,(wlop, reoen,tianliang duohe fangdongye),[ask \(askzy\)],[[kantoku]],"
"Cogecha,[ningen mame],(wlop),[sho \(sho lwlw\)],"
"[ashima takumi], [[ciloranko]], [[wlop]],[[porforever]], (cierra \(ra-bit\)), 1girl"
"((mafuyu)),(((mochi))),[[[wlop]]],1girl"
"((mogumo,u u zan,ciloranko,miv4t,wlop)),[[fuzichoco]],((rella)),1girl"
"kase daiki,(shuz),[wlop],1girl"
"[kedama milk],[ask \(askzy\)],wanke, wlop,[ATDAN],ciloranko,[[rhasta]],[tidsean],[ke-ta],((chiaroscuro)),[as109]],[sho \(sho lwlw\)],"
"[ningen mame],ciloranko,[sho \(sho lwlw\)],[[tianliang duohe fangdongye]],[[rhasta]]"
"[ningen mame],ciloranko,[sho \(sho lwlw\)],[[tianliang duohe fangdongye]],[rhasta], "
"[ningenmame],ciloranko,[sho\(sho lwlw\)],"
"ciloranko,[sho \(sho lwlw\)],[[tianliang duohe fangdongye]],[[rhasta]],"
"[ningen mame],ciloranko,[sho \(sho lwlw\)],[saintshiro],[[rhasta]],"
"[[ciloranko]],[rhasta],tidsean, [ke-ta],((chiaroscuro)),[sho \(sho lwlw\)]],(ningen mame),"
"((toosaka asagi)),[[ningen mame],ciloranko,[sho \(sho lwlw\)],[[tianliang duohe fangdongye]],[rhasta]],"
"[ningen mame],ciloranko,[sho \(sho lwlw\)],[[tianliang duohe fangdongye]], [eip \(pepai\)], [rukako], [[[memmo]]], [[[[[hoshi \(snacherubi\)]]]]] ,[[[[[nibiiro shizuka]]]]], "
"ningen mame,ciloranko,[fuzichoco],[sho \(sho lwlw\)],[tianliang duohe fangdongye],as109,"
"[[ningen mame]],ciloranko,noyu \(noyu23386566\),"
"ratatatat74,((ciloranko)),[[[Rella]]],[[ask\(askzy\)]],[[harogen pabirion]],"
"[[hiten]],[chen bin],[ningen mame],[sho \(sho lwlw\)],[[[tianliang duohe fangdongye]]],"
"ningen mame,mika pikazo,(reoen,tianliang duohe fangdongye),[ask \(askzy\)],[kantoku],"
"miyuki \(miyuki0529\),potg,rei \(sanbonzakura\),cierra \(ra-bit\),ask \(askzy\),gomzi,you shimizu,[ningen mame],ciloranko,"
"((kuzuvine)),[[[ciloranko]]],[[dino \(dinoartforame\)]],"
"[ningen mame,ciloranko,sho \(sho lwlw\),tianliang duohe fangdongye,alphonse \(white datura\),rei \(sanbonzakura\)],"
"[[ningen mame]],ciloranko,noyu \(noyu23386566\),morikura en,"
"[ningen mame],[ATDAN],ciloranko,[[rhasta]],tidsean, [,[ke-ta],ciloranko,((chiaroscuro)),[sho \(sho lwlw\)]],"
"[ningen mame],ciloranko,tianliang duohe fangdongye,atdan,"
"[ATDAN],ciloranko,[tidsean],[ke-ta],((chiaroscuro)),[as109]],[sho \(sho lwlw\)]],"
"[ningenmame],ciloranko,[sho\(sho lwlw\)],[[tianliang duohe fangdongye]],[[rhasta]],[As109],"
"ciloranko,tianliang duohe fangdongye,[[modare]],[sho \(sho lwlw\)],"
"modare,ningen mame,[kedama milk],[mika pikazo],(shiroshi \(denpa eshidan\),wlop,tianliang duohe fangdongye),[ask \(askzy\)],[kantoku],"
"[artist sho \(sho lwlw\)],artist ciloranko,((pottsness)),[[onineko]],[[as109]],1girl"
"(akakura), (kawacy), (ask\(askzy\)), (onineko),(ciloranko),1girl"
"ciloranko,alphonse \(white datura\),ask \(askzy\),gomzi,you shimizu,,1girl"
"kedama milk,rucaco,kanda done,[[chen bin]],[[[[mignon]]]],[ningen mame],[[[[anmi]]]],1girl"
"(((shacho \(ko no ha\) ))),[[tianliang duohe fangdouye]],1girl"
"[[tianliang duohe fangdongye]],[ningen mame],[[[mignon]]],a chiki,"
"rokita,[[xinzoruo,eta,naga u]],ciloranko,ningen mame,[[as109]],"
"((ciloranko, akizero1510)),[ask\(askzy\)],kedama milk,parsley-f,[maccha \(mochancc\)],[tianliang duohe fangdongye],[bee \(deadflow\)],(chen bin),[wlop],((henreader)),"
"(rella), (ask\(askzy\)), (ningen mame),(ciloranko), (rei\(sanbonzakura\)),"
"(((ask\(askzy\),sy4,ciloranko, akizero1510))),"
"((chen bin),haneru),observerz,[wlop,nekojira],ciloranko,[sho \(sho lwlw\)],[[noyu \(noyu23386566\)],"
"[ningen mame],ciloranko,wlop,"
"[wlop],ciloranko,"
"(amazuyu tatsuki,shiro9jira),ciloranko,ask (askzy),(wlop),[[tianliang duohe fangdongye]],"
"(akakura),kedama milk,ciloranko,[wlop],[[[onono imoko]]],"
"ningen mame,rhasta,ask \(askzy\),[wlop],ciloranko,"
"[wlop],ciloranko,ask\(askzy\),bison cangshu,(yunsang),[ningenmame],[sho\(sho lwlw\)],[rhasta],"
"shiratama \(shiratamaco\),[ningen mame],[[tianliang duohe fangdongye]],[shuz],[wlop],kase daiki,"
"(((observerz))) ,wanke, mikaze oto,ciloranko,[sho \(sho lwlw\)],wlop,"
"(atsuage \(kakinop\)) mika pikazo,(wlop, reoen,tianliang duohe fangdongye),[ask \(askzy\)],[kantoku],1girl"
"[[[wlop]]],[mochizuki kei],ciloranko,shanyao jiang tororo,1girl"
"[[[ningen mame]]], miyase mahiro, chen bin, [[[sho \(sho lwlw\)]]], [[[[ogipote]]]], [[[ciloranko]]], [cogecha], [wlop],  1girl "
"hxxg,(pigeon666),[ciloranko,wlop],[ask \(askzy\)],(redi \(rasec asdjh\)),wanke,,1girl"
"kaede \(sayappa\),[[wlop]],[[[kase daiki]]],jima,[sheya],[[ciloranko]],[[[toosaka asagi]]],[[[tianliang duohe fangdongye]]],henreader,1girl"
"kedama milk,((( akarura))),[wlop],[ask \(askzy\)],wanke ,ciloranko,"
"(kousaki ruri),[wlop],ciloranko,"
"shuri \(84k\),ATDAN,chen bin,,[ningen mame],,[[wlop]],(sarcophage,tsubasa tsubasa,),,modare,hiten \(hitenkei\)"
"[[wlop]],[ningen mame],[bilibili xiaolu],ciloranko,[[tianliang duohe fangdongye]],[hiten (hitenkei)],[[[bm tol]]],"
"wlop, 40hara, [As109], Torino,ask\(askzy\),ciloranko,[sho \(sho lwlw\)],"
"modare,"
"kedama milk,"
"[ask \(askzy\)],"
"(torino),"
"kazutake hazano,"
"ciloranko,"
"((yoneyama mai)),"
"(chen bin),"
"fuzichoco,"
"wanke,"
"((Yuko Shimizu)),"
"sakura \(39ra\),"
"remsrar,"
"ningen mame,"
"ciloranko,"
"wagashi \(dagashiya\),"
"(naga u ),"
"((redrop)),"
"((artists:kurahana chinatsu)),"
"gomzi,"
"daizu \(melon-lemon\),"
"yushe quetzalli,"
"((toosaka asagi)),"
"(kuroduki \(pieat\)),"
"(((quan \(kurisu tina\)))),"
"(toddler \(danasty\)),"
"rebecca \(keinelove\),"
"(kantoku),"
"(xinzoruo),"
"((((((araki hirohiko \\(style\\))))))),"
"((ikeuchi tanuma)),"
"((kuzuvine)),"
"tandohark,"
"((mashiro shiki)),"
"((meion)),"
"(((yumenouchi chiharu))),"
"(((muchi maro \(artist\)))),1girl"
"shiratama \(shiratamaco\),"
"itou tatsuya,"
"((himura kiseki)),"
"((ishiyumi)),"
"(yushe quetzalli),"
"(lam \(ramdayo\)),"
"QYS3,"
"hungry clicker,"
"ebifurya,"
"imaishi hiroyuki,"
"mdf an,"
"(cha chya),"
"ichika \(ichika87\),"
"leviathan \(hikinito0902\),"
"reoenl,"
"[[sakimori \(hououbds\)]],"
"[[muuran]],"
"nanmokak,"
"[[tokiame]],"
"fajyobore,"
"houk1se1,"
"lpmya,"
"misaki12003,"
"((nineo)),"
"((rag ragk)),"
"((senryoko)),"
"((skycappuccino)),"
"yuzuyomogi,"
"((((riyo \(lyomsnpmp\))))),"
"hiten \(hitenkei\),"
"tianliang duohe fangdongye,"
"[[kedama milk],ishiyumi,[tianliang duohe fangdongye],poco\(asahi age\),mochizuki kei],"
"((ogipote,bm tol)),[[yoneyama mai,ciloranko,blue-senpai,aikome \(haikome\)]],"
"[[ttosom]],[shisantian],zuizi,[dino \(dinoartforame\),[fajyobore]],kaneko \(bblogtinhan\),xiujia yihuizi,"
"[eip \(pepai\)],[rukako],[[[memmo]]],[[[[[hoshi \(snacherubi\)]]]]],[[[[[nibiiro shizuka]]]]],"
"[rei \(sanbonzakura\)],sho \(sho lwlw\)],"
"tianliang duohe fangdongye,[[[tyakomes,shinapuu]]],"
"(rurudo,cogecha,ask \(askzy\)),"
"(rosumerii),[ciloranko],[[ask \(askzy\)]],"
"(shigure ui),[mika pikazo,fuzichoco,tianliang duohe fangdongye,modare,ningen mame],"
"((kishiyo)),[[ciloranko]],"
"hiten,ao+beni,[marumoru],ciloranko,"
"(sakura \(39ra\)),[[tyakomes],henreader,baku-p,daizu \(melon-lemon\),naga u],"
"[[piyodera mucha]],henreader,eufoniuz,"
"kazutake hazano,ningen mame,[kedama milk],[[wlop]],[[As109]],[[mika pikazo]],"
"(tokkyu,beni shake),[ciloranko,gweda,mignon,binggong asylum,happoubi jin],"
"kukka,ryou\(ryoutarou\),((kyockcho,alphonse\(white datura\),miyase mahiro,milk panda)),ask\(askzy\),"
"mamimi\(mamamimi\),blade \(galaxist\),((fuzichoco,butterchalk,yoshinari you,mika pikazo)),"
"((yago8 pp3,rella)),ciloranko,sheya,ishiyumi,fkey,tokkyu,infukun,"
"(alphonse\(white datura\),ningen mame,xinzoruo,anmi,demizu posuka),[ikeuchi tanuma],"
"(amazuyu tatsuki,hoji\(hooooooooji1029\),ishiyumi),"
"(tidsean,kantoku,poco\(asahi age\),yago8 pp3,ningen mame),"
"(musashi\(detks\),tomose shunsaku,momoko\(momopoco\),ishiyumi),"
"(hoji\(hooooooooji1029\),kedama milk,akizero1510,kinhasu,hisona \(suaritesumi\)),"
"(yuuji \(and\),namie,shion\(mirudakemann\),nanase nao,as109,yuuhagi \(amaretto-no-natsu\)),"
"(ishikei,ryou\(ryoutarou\),yuuhagi \(amaretto-no-natsu\),refeia,cierra\(ra-bit\)),"
"(miyase mahiro,creayus,binggong asylum,demizu posuka,namie,cui \(jidanhaidaitang\)),"
"(mandrill,miv4t,rebecca \(keinelove\),missile228,akakura),"
"(mandrill,miv4t,rebecca \(keinelove\),missile228,akakura),"
"(kaamin \(mariarose753\),sy4,meito \(maze\),cierra\(ra-bit\),shexyo),"
"([[sho \(sho lwlw\),as109]],nanase nao,hisona \(suaritesumi\),qtonagi,katahira masashi,((chen bin))),"
"(nixeu,momoko\(momopoco\),yoshinari you,itomugi-kun,fujima takuya),"
"(kaamin \(mariarose753\),sy4,meito \(maze\),cierra\(ra-bit\),shexyo,toi8),"
"null \(nyanpyoun\),yuuji \(and\),meion,kani biimu,mamimi\(mamamimi\),hiten \(hitenkei\),"
"((cui \(jidanhaidaitang\),katahira masashi,tidsean,mika pikazo)),"
"tokkyu,fujima takuya,ningen mame,hews,ikeuchi tanuma,"
"momoko\(momopoco\),modare,yoneyama mai,nixeu,ask\(askzy\),"
"((onineko,amazuyu tatsuki,rebecca \(keinelove\),namie,kaigen 1025)),"
"ebifurya,fumio \(rsqkr\),kani biimu,sy4,"
"nanashi \(nlo\),ask\(askzy\),yuuji \(and\),phantom ix row,lm7\(op-center\),mamimi \(mamamimi\),"
"miv4t,you shimizu,infukun,toi8,ningen mame,sheya,wlop,"
"milkychu,hoji\(hooooooooji1029\),yoshinari you,mika pikazo,wlop,"
"kaamin \(mariarose753\),milk panda,ask\(askzy\),ikeuchi tanuma,kukka,"
"piromizu,kuromiya,sho \(sho lwlw\),infukun,"
"fkey,cutesexyrobutts,milk panda,mamimi\(mamamimi\),namie,milkychu,tokkyu,"
"beni shake,kukka,alphonse\(white datura\),infukun,mika pikazo,"
"hyouuma,wanke,nikorashi-ka,sofra,you shimizu,"
"kukka,avogado6,hews,kawacy,sheya,xinzoruo,hyouuma,"
"reoen,yago8 pp3,amazuyu tatsuki,phantom ix row,mika pikazo,"
"as109,qtonagi,potg\(piotegu\),tony taka,null \(nyanpyoun\),itomugi-kun,"
"((shion\(mirudakemann\))),[[misaka 12003-gou,cogecha,anmi,huanxiang heitu,fkey]],"
"fuzichoco,amazuyu tatsuki,misaka 12003-gou,kaamin \(mariarose753\),as109,fkey,"
"[[nanmokaken,butterchalk]],((yoneyama mai,miyo \(ranthath\),yoshinari you,potg\(piotegu\))),"
"huanxiang heitu,tiv,sofra,nanashi \(nlo\),hisona \(suaritesumi\),"
"tabi \(tabisumika\),[[[[ao+beni]]]],ayul \(ayulneri 92\),[yokochou],(rin31153336),(migolu),"
"kousaki rui,[[daifuku mame \(kageroudt33\)]],chyoel,[[lpip]],koe \(mixpi\),[atdan],kaninn,"
"Yuzusoft,Senren Banka,"
"render,c4d,photo-referenced,((((nendoroid)))),Handmade,3d,"
"minimalism,((no lineart)),(((faceless))),simple background,blending,flat color,limited palette,"
"(pixel art,Aaron Hain),"
"(((pixel art))),((neon palette)),"
"((((pixel art)))),[ashima takumi],[[ciloranko]], [[wlop]], cierra \(ra-bit\),[noyu \(noyu23386566\)],"
"((ff gradient)),((limited palette)),high contrast,inverted colors,colorful,(Stunning composition),"
"portrait,lineart,monochrome,black and white,"
"greyscale,monochrome,silent comic,linear hatching,"
"(((pixel art))), carpet, chair,indoors, ((((isometric)))), light rays,plant,white background,"
"((((((lineart)))))), nocolor,"
"graphite \(medium\), ((monochrome), ), paper, art tools in frame, pencil, traditional media,"
"((Multiple view)),wlop,[mochizuki kei],"
"((quan \(kurisu tina\))),(portrait),upper body,close-up,"
"[[kamisato ayaka \(genshin\) cosplay]],no humans,[kedama milk],(wlop, reoen),[[As109]], ((white cat)), hair ornament, furry, shy, nude, [[chibi]]"
"graphite \(medium\), ((monochrome), ), paper, art tools in frame, pencil, traditional media,"
"((Multiple view)),wlop,[mochizuki kei],"
"((quan \(kurisu tina\))),(portrait),upper body,close-up,"
"[[kamisato ayaka \(genshin\) cosplay]],no humans,[kedama milk],(wlop, reoen),[[As109]], ((white cat)), hair ornament, furry, shy, nude, [[chibi]]"
